<annotation>
	<folder>BIBI qa maqbara</folder>
	<filename>aurangabad_aurangzeb5.jpg</filename>
	<path>C:/Users/TANMAY SHRIKANT SHEL/Desktop/datasets/BIBI qa maqbara/aurangabad_aurangzeb5.jpg</path>
	<source>
		<database>Unknown</database>
	</source>
	<size>
		<width>584</width>
		<height>389</height>
		<depth>3</depth>
	</size>
	<segmented>0</segmented>
	<object>
		<name>Cenotaph of Dilras Banu Begum</name>
		<pose>Unspecified</pose>
		<truncated>0</truncated>
		<difficult>0</difficult>
		<bndbox>
			<xmin>189</xmin>
			<ymin>130</ymin>
			<xmax>406</xmax>
			<ymax>377</ymax>
		</bndbox>
	</object>
</annotation>
