<annotation>
	<folder>Daulatabad fort image 1</folder>
	<filename>brass-cannon-daulatabad-fort-daulatabad-india-D8F6BE.jpg</filename>
	<path>C:/Users/TANMAY SHRIKANT SHEL/Desktop/datasets/Daulatabad fort image 1/brass-cannon-daulatabad-fort-daulatabad-india-D8F6BE.jpg</path>
	<source>
		<database>Unknown</database>
	</source>
	<size>
		<width>866</width>
		<height>1390</height>
		<depth>3</depth>
	</size>
	<segmented>0</segmented>
	<object>
		<name>Mendha cannon</name>
		<pose>Unspecified</pose>
		<truncated>0</truncated>
		<difficult>0</difficult>
		<bndbox>
			<xmin>160</xmin>
			<ymin>363</ymin>
			<xmax>610</xmax>
			<ymax>1260</ymax>
		</bndbox>
	</object>
	<object>
		<name>Chandminar</name>
		<pose>Unspecified</pose>
		<truncated>0</truncated>
		<difficult>0</difficult>
		<bndbox>
			<xmin>112</xmin>
			<ymin>13</ymin>
			<xmax>200</xmax>
			<ymax>290</ymax>
		</bndbox>
	</object>
</annotation>
