<annotation>
	<folder>Ajanta image 3</folder>
	<filename>Buddapreachig.jpg</filename>
	<path>C:/Users/TANMAY SHRIKANT SHEL/Desktop/datasets/Ajanta image 3/Buddapreachig.jpg</path>
	<source>
		<database>Unknown</database>
	</source>
	<size>
		<width>550</width>
		<height>364</height>
		<depth>3</depth>
	</size>
	<segmented>0</segmented>
	<object>
		<name>Gautam Buddha</name>
		<pose>Unspecified</pose>
		<truncated>0</truncated>
		<difficult>0</difficult>
		<bndbox>
			<xmin>254</xmin>
			<ymin>107</ymin>
			<xmax>291</xmax>
			<ymax>157</ymax>
		</bndbox>
	</object>
	<object>
		<name>Elephant</name>
		<pose>Unspecified</pose>
		<truncated>0</truncated>
		<difficult>0</difficult>
		<bndbox>
			<xmin>27</xmin>
			<ymin>6</ymin>
			<xmax>104</xmax>
			<ymax>91</ymax>
		</bndbox>
	</object>
	<object>
		<name>praisors</name>
		<pose>Unspecified</pose>
		<truncated>0</truncated>
		<difficult>0</difficult>
		<bndbox>
			<xmin>393</xmin>
			<ymin>202</ymin>
			<xmax>428</xmax>
			<ymax>231</ymax>
		</bndbox>
	</object>
	<object>
		<name>praisors</name>
		<pose>Unspecified</pose>
		<truncated>0</truncated>
		<difficult>0</difficult>
		<bndbox>
			<xmin>446</xmin>
			<ymin>167</ymin>
			<xmax>466</xmax>
			<ymax>200</ymax>
		</bndbox>
	</object>
	<object>
		<name>Horse</name>
		<pose>Unspecified</pose>
		<truncated>0</truncated>
		<difficult>0</difficult>
		<bndbox>
			<xmin>66</xmin>
			<ymin>120</ymin>
			<xmax>83</xmax>
			<ymax>172</ymax>
		</bndbox>
	</object>
	<object>
		<name>Trader</name>
		<pose>Unspecified</pose>
		<truncated>0</truncated>
		<difficult>0</difficult>
		<bndbox>
			<xmin>458</xmin>
			<ymin>59</ymin>
			<xmax>478</xmax>
			<ymax>97</ymax>
		</bndbox>
	</object>
	<object>
		<name>Trader</name>
		<pose>Unspecified</pose>
		<truncated>1</truncated>
		<difficult>0</difficult>
		<bndbox>
			<xmin>1</xmin>
			<ymin>96</ymin>
			<xmax>20</xmax>
			<ymax>129</ymax>
		</bndbox>
	</object>
</annotation>
