<annotation>
	<folder>Ellora image 2</folder>
	<filename>4151.jpg</filename>
	<path>C:/Users/TANMAY SHRIKANT SHEL/Desktop/datasets/Ellora image 2/4151.jpg</path>
	<source>
		<database>Unknown</database>
	</source>
	<size>
		<width>417</width>
		<height>600</height>
		<depth>3</depth>
	</size>
	<segmented>0</segmented>
	<object>
		<name>Gautam Buddha</name>
		<pose>Unspecified</pose>
		<truncated>0</truncated>
		<difficult>0</difficult>
		<bndbox>
			<xmin>170</xmin>
			<ymin>319</ymin>
			<xmax>257</xmax>
			<ymax>502</ymax>
		</bndbox>
	</object>
	<object>
		<name>Stupa</name>
		<pose>Unspecified</pose>
		<truncated>0</truncated>
		<difficult>0</difficult>
		<bndbox>
			<xmin>131</xmin>
			<ymin>175</ymin>
			<xmax>292</xmax>
			<ymax>270</ymax>
		</bndbox>
	</object>
	<object>
		<name>Bodhisatva</name>
		<pose>Unspecified</pose>
		<truncated>0</truncated>
		<difficult>0</difficult>
		<bndbox>
			<xmin>114</xmin>
			<ymin>348</ymin>
			<xmax>152</xmax>
			<ymax>509</ymax>
		</bndbox>
	</object>
	<object>
		<name>Bodhisatva</name>
		<pose>Unspecified</pose>
		<truncated>0</truncated>
		<difficult>0</difficult>
		<bndbox>
			<xmin>275</xmin>
			<ymin>356</ymin>
			<xmax>316</xmax>
			<ymax>507</ymax>
		</bndbox>
	</object>
</annotation>
