<annotation>
	<folder>ellora image 3</folder>
	<filename>Kalidasa2.jpg</filename>
	<path>C:/Users/TANMAY SHRIKANT SHEL/Desktop/datasets/ellora image 3/Kalidasa2.jpg</path>
	<source>
		<database>Unknown</database>
	</source>
	<size>
		<width>3096</width>
		<height>4128</height>
		<depth>3</depth>
	</size>
	<segmented>0</segmented>
	<object>
		<name>Shiva</name>
		<pose>Unspecified</pose>
		<truncated>0</truncated>
		<difficult>0</difficult>
		<bndbox>
			<xmin>318</xmin>
			<ymin>1009</ymin>
			<xmax>2877</xmax>
			<ymax>2536</ymax>
		</bndbox>
	</object>
	<object>
		<name>Demons</name>
		<pose>Unspecified</pose>
		<truncated>0</truncated>
		<difficult>0</difficult>
		<bndbox>
			<xmin>690</xmin>
			<ymin>3445</ymin>
			<xmax>1468</xmax>
			<ymax>3736</ymax>
		</bndbox>
	</object>
	<object>
		<name>Sword</name>
		<pose>Unspecified</pose>
		<truncated>0</truncated>
		<difficult>0</difficult>
		<bndbox>
			<xmin>422</xmin>
			<ymin>2068</ymin>
			<xmax>704</xmax>
			<ymax>2545</ymax>
		</bndbox>
	</object>
</annotation>
