<annotation>
	<folder>Ajanta image test 2</folder>
	<filename>mahajanka.jpg</filename>
	<path>C:/Users/TANMAY SHRIKANT SHEL/Desktop/datasets/Ajanta image test 2/mahajanka.jpg</path>
	<source>
		<database>Unknown</database>
	</source>
	<size>
		<width>733</width>
		<height>418</height>
		<depth>3</depth>
	</size>
	<segmented>0</segmented>
	<object>
		<name>Dancer</name>
		<pose>Unspecified</pose>
		<truncated>0</truncated>
		<difficult>0</difficult>
		<bndbox>
			<xmin>361</xmin>
			<ymin>142</ymin>
			<xmax>425</xmax>
			<ymax>311</ymax>
		</bndbox>
	</object>
	<object>
		<name>Flute</name>
		<pose>Unspecified</pose>
		<truncated>0</truncated>
		<difficult>0</difficult>
		<bndbox>
			<xmin>292</xmin>
			<ymin>206</ymin>
			<xmax>357</xmax>
			<ymax>257</ymax>
		</bndbox>
	</object>
	<object>
		<name>Flute</name>
		<pose>Unspecified</pose>
		<truncated>0</truncated>
		<difficult>0</difficult>
		<bndbox>
			<xmin>309</xmin>
			<ymin>167</ymin>
			<xmax>356</xmax>
			<ymax>201</ymax>
		</bndbox>
	</object>
	<object>
		<name>King</name>
		<pose>Unspecified</pose>
		<truncated>0</truncated>
		<difficult>0</difficult>
		<bndbox>
			<xmin>81</xmin>
			<ymin>54</ymin>
			<xmax>139</xmax>
			<ymax>152</ymax>
		</bndbox>
	</object>
	<object>
		<name>Elephant</name>
		<pose>Unspecified</pose>
		<truncated>0</truncated>
		<difficult>0</difficult>
		<bndbox>
			<xmin>623</xmin>
			<ymin>271</ymin>
			<xmax>728</xmax>
			<ymax>416</ymax>
		</bndbox>
	</object>
</annotation>
