<annotation>
	<folder>Daulatabad fort image 1</folder>
	<filename>mendha-tope.jpg</filename>
	<path>C:/Users/TANMAY SHRIKANT SHEL/Desktop/datasets/Daulatabad fort image 1/mendha-tope.jpg</path>
	<source>
		<database>Unknown</database>
	</source>
	<size>
		<width>960</width>
		<height>720</height>
		<depth>3</depth>
	</size>
	<segmented>0</segmented>
	<object>
		<name>Mendha cannon</name>
		<pose>Unspecified</pose>
		<truncated>0</truncated>
		<difficult>0</difficult>
		<bndbox>
			<xmin>461</xmin>
			<ymin>303</ymin>
			<xmax>809</xmax>
			<ymax>664</ymax>
		</bndbox>
	</object>
</annotation>
