<annotation>
	<folder>Daulatabad fort image 1</folder>
	<filename>images.jpg</filename>
	<path>C:/Users/TANMAY SHRIKANT SHEL/Desktop/datasets/Daulatabad fort image 1/images.jpg</path>
	<source>
		<database>Unknown</database>
	</source>
	<size>
		<width>480</width>
		<height>640</height>
		<depth>3</depth>
	</size>
	<segmented>0</segmented>
	<object>
		<name>Mendha cannon</name>
		<pose>Unspecified</pose>
		<truncated>0</truncated>
		<difficult>0</difficult>
		<bndbox>
			<xmin>49</xmin>
			<ymin>235</ymin>
			<xmax>383</xmax>
			<ymax>638</ymax>
		</bndbox>
	</object>
</annotation>
