<annotation>
	<folder>Ellora image 1</folder>
	<filename>pillar.jpg</filename>
	<path>C:/Users/TANMAY SHRIKANT SHEL/Desktop/datasets/Ellora image 1/pillar.jpg</path>
	<source>
		<database>Unknown</database>
	</source>
	<size>
		<width>480</width>
		<height>640</height>
		<depth>3</depth>
	</size>
	<segmented>0</segmented>
	<object>
		<name>Main Pillar</name>
		<pose>Unspecified</pose>
		<truncated>0</truncated>
		<difficult>0</difficult>
		<bndbox>
			<xmin>206</xmin>
			<ymin>11</ymin>
			<xmax>335</xmax>
			<ymax>526</ymax>
		</bndbox>
	</object>
</annotation>
