<annotation>
	<folder>Ellora image 1</folder>
	<filename>images.jpg</filename>
	<path>C:/Users/TANMAY SHRIKANT SHEL/Desktop/datasets/Ellora image 1/images.jpg</path>
	<source>
		<database>Unknown</database>
	</source>
	<size>
		<width>480</width>
		<height>640</height>
		<depth>3</depth>
	</size>
	<segmented>0</segmented>
	<object>
		<name>Main Pillar</name>
		<pose>Unspecified</pose>
		<truncated>0</truncated>
		<difficult>0</difficult>
		<bndbox>
			<xmin>138</xmin>
			<ymin>8</ymin>
			<xmax>262</xmax>
			<ymax>510</ymax>
		</bndbox>
	</object>
	<object>
		<name>Elephant</name>
		<pose>Unspecified</pose>
		<truncated>0</truncated>
		<difficult>0</difficult>
		<bndbox>
			<xmin>283</xmin>
			<ymin>373</ymin>
			<xmax>392</xmax>
			<ymax>460</ymax>
		</bndbox>
	</object>
</annotation>
