<annotation>
	<folder>BIBI qa maqbara</folder>
	<filename>sanctum-with-the-tomb-of-dilras-banu-begum-inside-the-bibi-ka-maqbara-F50GH5.jpg</filename>
	<path>C:/Users/TANMAY SHRIKANT SHEL/Desktop/datasets/BIBI qa maqbara/sanctum-with-the-tomb-of-dilras-banu-begum-inside-the-bibi-ka-maqbara-F50GH5.jpg</path>
	<source>
		<database>Unknown</database>
	</source>
	<size>
		<width>1300</width>
		<height>957</height>
		<depth>3</depth>
	</size>
	<segmented>0</segmented>
	<object>
		<name>Cenotaph of Dilras Banu Begum</name>
		<pose>Unspecified</pose>
		<truncated>0</truncated>
		<difficult>0</difficult>
		<bndbox>
			<xmin>450</xmin>
			<ymin>300</ymin>
			<xmax>825</xmax>
			<ymax>676</ymax>
		</bndbox>
	</object>
	<object>
		<name>Marbel jali</name>
		<pose>Unspecified</pose>
		<truncated>0</truncated>
		<difficult>0</difficult>
		<bndbox>
			<xmin>535</xmin>
			<ymin>100</ymin>
			<xmax>618</xmax>
			<ymax>234</ymax>
		</bndbox>
	</object>
	<object>
		<name>Marbel jali</name>
		<pose>Unspecified</pose>
		<truncated>0</truncated>
		<difficult>0</difficult>
		<bndbox>
			<xmin>718</xmin>
			<ymin>104</ymin>
			<xmax>765</xmax>
			<ymax>235</ymax>
		</bndbox>
	</object>
	<object>
		<name>Marbel jali</name>
		<pose>Unspecified</pose>
		<truncated>0</truncated>
		<difficult>0</difficult>
		<bndbox>
			<xmin>207</xmin>
			<ymin>285</ymin>
			<xmax>308</xmax>
			<ymax>469</ymax>
		</bndbox>
	</object>
</annotation>
